id	endpoint	status_code	latency_ms	created_at
1	/tickets	200	33790.2	2026-10-07 19:11:28
2	/tickets	200	24999.3	2026-10-07 19:11:53
3	/tickets	200	48457.3	2026-10-07 19:12:42
4	/tickets	200	31998.5	2026-10-07 19:13:14
5	/tickets	200	38809.2	2026-10-07 19:13:53
6	/tickets	200	34894.6	2026-10-07 19:14:28
7	/tickets	200	34825.7	2026-10-07 19:15:02
8	/tickets	200	34338.2	2026-10-07 19:15:37
9	/tickets	200	35112.6	2026-10-07 19:16:12
10	/tickets	200	39248.2	2026-10-07 19:16:51
11	/tickets	200	30501.1	2026-10-07 19:17:22
12	/tickets	200	31472.8	2026-10-07 19:17:53
13	/tickets	200	31880.1	2026-10-07 19:18:25
14	/tickets	200	41840.2	2026-10-07 19:19:07
15	/tickets	200	34003.4	2026-10-07 19:19:41
16	/tickets	200	31651.7	2026-10-07 19:20:13
17	/tickets	200	30721.5	2026-10-07 19:20:43
18	/tickets	200	46096.9	2026-10-07 19:21:30
19	/tickets	200	29051.8	2026-10-07 19:21:59
20	/tickets	200	36430.5	2026-10-07 19:22:35
21	/tickets	200	38953	2026-10-07 19:23:14
22	/tickets	200	32293	2026-10-07 19:23:46
23	/tickets	200	31638	2026-10-07 19:24:18
24	/tickets	200	37028.7	2026-10-07 19:24:55
25	/tickets	200	31526.9	2026-10-07 19:25:27
26	/tickets	200	22586.4	2026-10-07 19:25:49
27	/tickets	200	46475.2	2026-10-07 19:26:36
28	/tickets	200	36416.2	2026-10-07 19:27:12
29	/tickets	200	31205.3	2026-10-07 19:27:44
30	/tickets	200	37800.4	2026-10-07 19:28:21
31	/tickets	200	40200.5	2026-10-07 19:29:02
32	/tickets	200	31087	2026-10-07 19:29:33
33	/tickets	200	27587.5	2026-10-07 19:30:00
34	/tickets	200	31152.8	2026-10-07 19:30:32
35	/tickets	200	28777.8	2026-10-07 19:31:00
36	/tickets	200	42194.4	2026-10-07 19:31:43
37	/tickets	200	34450.6	2026-10-07 19:32:17
38	/tickets	200	37435.1	2026-10-07 19:32:55
39	/tickets	200	31619.6	2026-10-07 19:33:26
40	/tickets	200	26989.1	2026-10-07 19:33:53
41	/tickets	200	54957.2	2026-10-07 19:34:48
42	/tickets	200	35247.7	2026-10-07 19:35:24
43	/tickets	200	35717.3	2026-10-07 19:35:59
44	/tickets	200	27041.2	2026-10-07 19:36:26
45	/tickets	200	46069.4	2026-10-07 19:37:12
46	/tickets	200	28821.9	2026-10-07 19:37:41
47	/tickets	200	26268.5	2026-10-07 19:38:08
48	/tickets	200	67393.1	2026-10-07 19:39:15
49	/tickets	200	29274.6	2026-10-07 19:39:44
50	/tickets	200	29462.1	2026-10-07 19:40:14
51	/tickets	200	35744.9	2026-10-07 19:40:50
52	/tickets	200	38959.4	2026-10-07 19:41:29
53	/tickets	200	43908.9	2026-10-07 19:42:13
54	/tickets	200	32382.8	2026-10-07 19:42:45
55	/tickets	200	32403.4	2026-10-07 19:43:17
56	/tickets	200	42248.1	2026-10-07 19:44:00
57	/tickets	200	28953.8	2026-10-07 19:44:29
58	/tickets	200	39118.8	2026-10-07 19:45:08
59	/tickets	200	34624.9	2026-10-07 19:45:43
60	/tickets	200	50450.2	2026-10-07 19:46:33
61	/tickets	200	29992.8	2026-10-07 19:47:03
62	/tickets	200	34914.6	2026-10-07 19:47:38
63	/tickets	200	27041.2	2026-10-07 19:48:05
64	/tickets	200	38329.1	2026-10-07 19:48:43
65	/tickets	200	35096.8	2026-10-07 19:49:19
66	/tickets	200	32279.3	2026-10-07 19:49:51
67	/tickets	200	44028.6	2026-10-07 19:50:35
68	/tickets	200	62854.1	2026-10-07 19:51:38
69	/tickets	200	32042	2026-10-07 19:52:10
70	/tickets	200	37966.6	2026-10-07 19:52:48
71	/tickets	200	38000.7	2026-10-07 19:53:26
72	/tickets	200	98355.3	2026-10-07 19:55:04
73	/tickets	200	40273.3	2026-10-07 19:55:45
74	/tickets	200	53779	2026-10-07 19:56:39
75	/tickets	200	39336.4	2026-10-07 19:57:18
76	/tickets	200	41122.1	2026-10-07 19:57:59
77	/tickets	200	39976.4	2026-10-07 19:58:39
78	/tickets	200	39580.7	2026-10-07 19:59:19
79	/tickets	200	31326.4	2026-10-07 19:59:50
80	/tickets	200	30092.8	2026-10-07 20:00:20
81	/tickets	200	34513.3	2026-10-07 20:00:55
82	/tickets	200	40784.8	2026-10-07 20:01:36
83	/tickets	200	34956.1	2026-10-07 20:02:11
84	/tickets	200	30308.5	2026-10-07 20:02:41
85	/tickets	200	33966.8	2026-10-07 20:03:15
86	/tickets	200	33150.9	2026-10-07 20:03:48
87	/tickets	200	25141.8	2026-10-07 20:04:13
88	/tickets	200	31201.4	2026-10-07 20:04:45
89	/tickets	200	34990.1	2026-10-07 20:05:20
90	/tickets	200	27039.9	2026-10-07 20:05:47
91	/tickets	200	34706.1	2026-10-07 20:06:21
92	/tickets	200	40400.8	2026-10-07 20:07:02
93	/tickets	200	58272.3	2026-10-07 20:08:00
94	/tickets	200	31508.2	2026-10-07 20:08:32
95	/tickets	200	36307.3	2026-10-07 20:09:08
96	/tickets	200	37445.3	2026-10-07 20:09:46
97	/tickets	200	32929.7	2026-10-07 20:10:19
98	/tickets	200	33217	2026-10-07 20:10:52
99	/tickets	200	34840.1	2026-10-07 20:11:27
100	/tickets	200	43712.1	2026-10-07 20:12:10
101	/tickets	200	33046.2	2026-10-07 20:12:44
102	/tickets	200	29674.1	2026-10-07 20:13:13
103	/tickets	200	45537.4	2026-10-07 20:13:59
104	/tickets	200	33050.9	2026-10-07 20:14:32
105	/tickets	200	54525.2	2026-10-07 20:15:26
106	/tickets	200	35659.1	2026-10-07 20:16:02
107	/tickets	200	33364.2	2026-10-07 20:16:36
108	/tickets	200	37111.3	2026-10-07 20:17:13
109	/tickets	200	48816.1	2026-10-07 20:18:02
110	/tickets	200	27319.9	2026-10-07 20:18:29
111	/tickets	200	42844.1	2026-10-07 20:19:12
112	/tickets	200	30512.4	2026-10-07 20:19:42
113	/tickets	200	25015.3	2026-10-07 20:20:07
114	/tickets	200	40445	2026-10-07 20:20:48
115	/tickets	200	25513.2	2026-10-07 20:21:13
116	/tickets	200	32263.2	2026-10-07 20:21:46
117	/tickets	200	35038.8	2026-10-07 20:22:21
118	/tickets	200	30570.4	2026-10-07 20:22:51
119	/tickets	200	41200.9	2026-10-07 20:23:33
120	/tickets	200	35953.1	2026-10-07 20:24:09
121	/tickets	200	26387.3	2026-10-07 20:24:35
122	/tickets	200	36943.5	2026-10-07 20:25:12
123	/tickets	200	28612.5	2026-10-07 20:25:41
124	/tickets	200	35468.6	2026-10-07 20:26:16
125	/tickets	200	33028.8	2026-10-07 20:26:49
126	/tickets	200	36765.1	2026-10-07 20:27:26
127	/tickets	200	33640.5	2026-10-07 20:28:00
128	/tickets	200	30427.6	2026-10-07 20:28:30
129	/tickets	200	38421.9	2026-10-07 20:29:09
130	/tickets	200	26785.8	2026-10-07 20:29:35
131	/tickets	200	28601.8	2026-10-07 20:30:04
132	/tickets	200	34906.8	2026-10-07 20:30:39
133	/tickets	200	30841.8	2026-10-07 20:31:10
134	/tickets	200	30860.7	2026-10-07 20:31:41
135	/tickets	200	28402.1	2026-10-07 20:32:09
136	/tickets	200	33315	2026-10-07 20:32:43
137	/tickets	200	26042.9	2026-10-07 20:33:09
138	/tickets	200	34059.4	2026-10-07 20:33:43
139	/tickets	200	27888.5	2026-10-07 20:34:11
140	/tickets	200	26966.9	2026-10-07 20:34:38
141	/tickets	200	48249.4	2026-10-07 20:35:26
142	/tickets	200	30439.7	2026-10-07 20:35:56
143	/tickets	200	49595.4	2026-10-07 20:36:46
144	/tickets	200	32633.6	2026-10-07 20:37:19
145	/tickets	200	35377.6	2026-10-07 20:37:54
146	/tickets	200	31557.3	2026-10-07 20:38:26
147	/tickets	200	30887.4	2026-10-07 20:38:57
148	/tickets	200	37535.6	2026-10-07 20:39:34
149	/tickets	200	27721.2	2026-10-07 20:40:02
150	/tickets	200	39274.6	2026-10-07 20:40:41
151	/tickets	200	33970.6	2026-10-07 20:41:15
152	/tickets	200	42478.6	2026-10-07 20:41:58
153	/tickets	200	30896	2026-10-07 20:42:29
154	/tickets	200	37027.1	2026-10-07 20:43:06
155	/tickets	200	39999.6	2026-10-07 20:43:46
156	/tickets	200	33599.2	2026-10-07 20:44:19
157	/tickets	200	41412.9	2026-10-07 20:45:01
158	/tickets	200	36570.2	2026-10-07 20:45:38
159	/tickets	200	23653.3	2026-10-07 20:46:01
160	/tickets	200	26829.1	2026-10-07 20:46:28
161	/tickets	200	30862.1	2026-10-07 20:46:59
162	/tickets	200	41427.6	2026-10-07 20:47:40
163	/tickets	200	50800.3	2026-10-07 20:48:31
164	/tickets	200	33595.4	2026-10-07 20:49:05
165	/tickets	200	26510.9	2026-10-07 20:49:32
166	/tickets	200	40619.2	2026-10-07 20:50:12
167	/tickets	200	37665.5	2026-10-07 20:50:50
168	/tickets	200	44542.4	2026-10-07 20:51:34
169	/tickets	200	24226.4	2026-10-07 20:51:59
170	/tickets	200	34182.9	2026-10-07 20:52:33
171	/tickets	200	35796.3	2026-10-07 20:53:09
172	/tickets	200	43773	2026-10-07 20:53:53
173	/tickets	200	28414.1	2026-10-07 20:54:21
174	/tickets	200	43222	2026-10-07 20:55:04
175	/tickets	200	25931.4	2026-10-07 20:55:30
