run_id,group,model,run,reconciliation,tickets,correct,no_answer,accuracy,accuracy_answered_only,acc_Credit reporting,acc_Credit card,acc_Consumer loan,acc_Bank account or service,acc_Debt collection,acc_Money transfer or service,acc_Mortgage,precision_Credit reporting,precision_Credit card,precision_Consumer loan,precision_Bank account or service,precision_Debt collection,precision_Money transfer or service,precision_Mortgage,latency_p50_ms,latency_p95_ms
llama3.2-1b_accuracy_golden175_run1,llama3.2-1b_accuracy_golden175,llama3.2:1b,1,PASS,175,61,0,0.349,0.349,0.714,0.0,0.087,0.269,0.818,0.0,0.429,0.333,0.0,0.667,0.7,0.247,,0.692,2750.5,5384.62
llama3.2-1b_accuracy_golden175_run2,llama3.2-1b_accuracy_golden175,llama3.2:1b,2,PASS,175,61,0,0.349,0.349,0.714,0.0,0.087,0.269,0.818,0.0,0.429,0.333,0.0,0.667,0.7,0.247,,0.692,2475.0,6661.22
llama3.2-1b_accuracy_golden175_run3,llama3.2-1b_accuracy_golden175,llama3.2:1b,3,PASS,175,61,0,0.349,0.349,0.714,0.0,0.087,0.269,0.818,0.0,0.429,0.333,0.0,0.667,0.7,0.247,,0.692,3014.0,7202.65
mistral-7b_accuracy_golden175_run1,mistral-7b_accuracy_golden175,mistral:7b,1,PASS,175,128,0,0.731,0.731,0.829,0.75,0.652,0.692,0.864,0.333,1.0,0.853,0.5,0.833,0.643,0.826,1.0,0.75,12399.1,25082.51
mistral-7b_accuracy_golden175_run2,mistral-7b_accuracy_golden175,mistral:7b,2,PASS,175,128,0,0.731,0.731,0.829,0.75,0.652,0.692,0.864,0.333,1.0,0.853,0.5,0.833,0.643,0.826,1.0,0.75,11189.0,24529.79
mistral-7b_accuracy_golden175_run3,mistral-7b_accuracy_golden175,mistral:7b,3,PASS,175,128,0,0.731,0.731,0.829,0.75,0.652,0.692,0.864,0.333,1.0,0.853,0.5,0.833,0.643,0.826,1.0,0.75,11131.4,24787.17
phi3-3.8b_accuracy_golden175_run1,phi3-3.8b_accuracy_golden175,phi3:3.8b,1,WARN,175,127,1,0.726,0.73,0.857,0.583,0.739,0.885,0.5,0.458,1.0,0.75,0.778,0.895,0.535,1.0,1.0,0.656,7314.15,14697.875
phi3-3.8b_accuracy_golden175_run2,phi3-3.8b_accuracy_golden175,phi3:3.8b,2,PASS,175,128,1,0.731,0.736,0.857,0.583,0.739,0.885,0.5,0.5,1.0,0.769,0.778,0.895,0.535,1.0,1.0,0.656,7518.85,15255.835
phi3-3.8b_accuracy_golden175_run3,phi3-3.8b_accuracy_golden175,phi3:3.8b,3,PASS,175,126,2,0.72,0.728,0.829,0.583,0.739,0.885,0.455,0.5,1.0,0.744,0.778,0.895,0.535,1.0,1.0,0.656,7226.5,16299.04
