run_id,model,config,label,window,sent,ok,error_pct,sent_per_hour,ok_per_hour,mean_ms,p50_ms,p90_ms,p95_ms,p99_ms,max_ms,p95_all_ms,drift
gemma4-e4b_load_mix-peak_run1,gemma4:e4b,mix-peak,GET /search,after_warmup,383,0,100.0,7753.298,0.0,,,,,,,1000000000000000.0,
gemma4-e4b_load_mix-peak_run1,gemma4:e4b,mix-peak,GET /search,all_samples,654,112,82.875,7895.16,679.665,26234.009,49.0,95096.5,205135.8,238651.99,274226.0,1000000000000000.0,
gemma4-e4b_load_mix-peak_run1,gemma4:e4b,mix-peak,POST /tickets,after_warmup,199,0,100.0,4070.616,0.0,,,,,,,1000000000000000.0,
gemma4-e4b_load_mix-peak_run1,gemma4:e4b,mix-peak,POST /tickets,all_samples,327,2,99.388,3970.816,12.173,44003.5,44003.5,55667.9,57125.95,58292.39,58584.0,1000000000000000.0,
gemma4-e4b_load_mix-peak_run2,gemma4:e4b,mix-peak,GET /search,after_warmup,381,0,100.0,7717.281,0.0,,,,,,,1000000000000000.0,
gemma4-e4b_load_mix-peak_run2,gemma4:e4b,mix-peak,GET /search,all_samples,654,101,84.557,7907.517,613.412,21845.792,49.0,71775.0,160063.0,280418.0,280601.0,1000000000000000.0,
gemma4-e4b_load_mix-peak_run2,gemma4:e4b,mix-peak,POST /tickets,after_warmup,187,0,100.0,3781.045,0.0,,,,,,,1000000000000000.0,
gemma4-e4b_load_mix-peak_run2,gemma4:e4b,mix-peak,POST /tickets,all_samples,327,2,99.388,3953.44,12.146,44276.5,44276.5,55475.3,56875.15,57995.03,58275.0,1000000000000000.0,
gemma4-e4b_load_mix-peak_run3,gemma4:e4b,mix-peak,GET /search,after_warmup,390,0,100.0,7868.191,0.0,,,,,,,1000000000000000.0,
gemma4-e4b_load_mix-peak_run3,gemma4:e4b,mix-peak,GET /search,all_samples,654,121,81.498,7880.151,733.594,26758.198,62.0,128970.0,174736.0,268685.4,275784.0,1000000000000000.0,
gemma4-e4b_load_mix-peak_run3,gemma4:e4b,mix-peak,POST /tickets,after_warmup,188,0,100.0,3835.887,0.0,,,,,,,1000000000000000.0,
gemma4-e4b_load_mix-peak_run3,gemma4:e4b,mix-peak,POST /tickets,all_samples,327,2,99.388,3942.292,12.129,42876.0,42876.0,53147.2,54431.1,55458.22,55715.0,1000000000000000.0,
gemma4-e4b_load_tkt-normal_run1,gemma4:e4b,tkt-normal,POST /tickets,after_warmup,66,0,100.0,1381.749,0.0,,,,,,,1000000000000000.0,
gemma4-e4b_load_tkt-normal_run1,gemma4:e4b,tkt-normal,POST /tickets,all_samples,107,4,96.262,1304.317,24.393,89535.25,91260.0,123995.4,128210.7,131582.94,132426.0,1000000000000000.0,
gemma4-e4b_load_tkt-normal_run2,gemma4:e4b,tkt-normal,POST /tickets,after_warmup,65,0,100.0,1350.197,0.0,,,,,,,1000000000000000.0,
gemma4-e4b_load_tkt-normal_run2,gemma4:e4b,tkt-normal,POST /tickets,all_samples,107,5,95.327,1307.642,30.529,91182.4,92587.0,137065.6,141969.8,145893.16,146874.0,1000000000000000.0,
gemma4-e4b_load_tkt-normal_run3,gemma4:e4b,tkt-normal,POST /tickets,after_warmup,62,0,100.0,1386.318,0.0,,,,,,,1000000000000000.0,
gemma4-e4b_load_tkt-normal_run3,gemma4:e4b,tkt-normal,POST /tickets,all_samples,107,5,95.327,1345.992,35.616,78807.6,79419.0,116942.2,122202.6,126410.92,127463.0,1000000000000000.0,
gemma4-e4b_load_tkt-peak_run1,gemma4:e4b,tkt-peak,POST /tickets,after_warmup,194,0,100.0,3913.131,0.0,,,,,,,1000000000000000.0,
gemma4-e4b_load_tkt-peak_run1,gemma4:e4b,tkt-peak,POST /tickets,all_samples,327,2,99.388,3940.287,12.126,43754.5,43754.5,55117.3,56537.65,57673.93,57958.0,1000000000000000.0,
gemma4-e4b_load_tkt-peak_run2,gemma4:e4b,tkt-peak,POST /tickets,after_warmup,198,0,100.0,4025.504,0.0,,,,,,,1000000000000000.0,
gemma4-e4b_load_tkt-peak_run2,gemma4:e4b,tkt-peak,POST /tickets,all_samples,327,2,99.388,3951.834,12.144,41653.0,41653.0,53157.0,54595.0,55745.4,56033.0,1000000000000000.0,
gemma4-e4b_load_tkt-peak_run3,gemma4:e4b,tkt-peak,POST /tickets,after_warmup,193,0,100.0,3987.947,0.0,,,,,,,1000000000000000.0,
gemma4-e4b_load_tkt-peak_run3,gemma4:e4b,tkt-peak,POST /tickets,all_samples,327,2,99.388,3985.307,12.195,44054.0,44054.0,55204.4,56598.2,57713.24,57992.0,1000000000000000.0,
llama3.2-1b_load_mix-peak_run1,llama3.2:1b,mix-peak,GET /search,after_warmup,391,391,0.0,7892.347,7890.135,67.34,55.0,108.0,141.0,217.8,278.0,141.0,1.189
llama3.2-1b_load_mix-peak_run1,llama3.2:1b,mix-peak,GET /search,all_samples,654,654,0.0,7890.266,7888.944,62.122,53.0,95.0,121.0,209.29,278.0,121.0,1.163
llama3.2-1b_load_mix-peak_run1,llama3.2:1b,mix-peak,POST /tickets,after_warmup,199,199,0.0,4030.697,3686.323,19786.191,19650.0,22529.2,24405.2,26637.1,27161.0,24405.2,0.911
llama3.2-1b_load_mix-peak_run1,llama3.2:1b,mix-peak,POST /tickets,all_samples,327,327,0.0,3994.503,3781.452,15374.826,17909.0,21908.6,23160.8,25921.1,27161.0,23160.8,1.779
llama3.2-1b_load_mix-peak_run2,llama3.2:1b,mix-peak,GET /search,after_warmup,388,388,0.0,7819.121,7817.327,82.284,69.5,126.0,154.65,221.68,1064.0,154.65,1.099
llama3.2-1b_load_mix-peak_run2,llama3.2:1b,mix-peak,GET /search,all_samples,654,654,0.0,7883.106,7882.024,76.639,63.0,120.0,145.35,253.0,1064.0,145.35,1.136
llama3.2-1b_load_mix-peak_run2,llama3.2:1b,mix-peak,POST /tickets,after_warmup,204,204,0.0,4115.046,3898.358,10231.029,9855.5,13411.9,14494.2,15102.32,15289.0,14494.2,1.041
llama3.2-1b_load_mix-peak_run2,llama3.2:1b,mix-peak,POST /tickets,all_samples,327,327,0.0,3943.811,3816.96,8369.893,8802.0,12841.4,14024.2,15002.5,15289.0,14024.2,1.614
llama3.2-1b_load_mix-peak_run3,llama3.2:1b,mix-peak,GET /search,after_warmup,394,394,0.0,7971.271,7968.495,65.675,57.0,92.7,107.35,189.05,567.0,107.35,1.036
llama3.2-1b_load_mix-peak_run3,llama3.2:1b,mix-peak,GET /search,all_samples,654,654,0.0,7890.556,7888.917,61.133,53.0,88.7,104.0,158.94,567.0,104.0,1.188
llama3.2-1b_load_mix-peak_run3,llama3.2:1b,mix-peak,POST /tickets,after_warmup,199,199,0.0,4024.063,3806.751,8967.829,9020.0,13835.0,14774.0,15478.0,16837.0,14774.0,1.263
llama3.2-1b_load_mix-peak_run3,llama3.2:1b,mix-peak,POST /tickets,all_samples,327,327,0.0,3942.728,3812.942,7980.229,7734.0,13042.8,14437.2,15397.14,16837.0,14437.2,1.35
llama3.2-1b_load_tkt-normal_run1,llama3.2:1b,tkt-normal,POST /tickets,after_warmup,62,62,0.0,1448.617,1439.396,1372.565,1317.0,2041.7,2649.85,3118.06,3456.0,2649.85,0.816
llama3.2-1b_load_tkt-normal_run1,llama3.2:1b,tkt-normal,POST /tickets,all_samples,107,107,0.0,1339.803,1335.219,1271.15,1232.0,1938.2,2493.6,2900.5,3456.0,2493.6,1.4
llama3.2-1b_load_tkt-normal_run2,llama3.2:1b,tkt-normal,POST /tickets,after_warmup,64,64,0.0,1316.586,1309.292,1338.562,1274.5,2217.3,2443.55,2693.27,2738.0,2443.55,0.818
llama3.2-1b_load_tkt-normal_run2,llama3.2:1b,tkt-normal,POST /tickets,all_samples,107,107,0.0,1296.097,1291.859,1289.346,1233.0,2166.6,2517.9,2736.38,2746.0,2517.9,1.04
llama3.2-1b_load_tkt-normal_run3,llama3.2:1b,tkt-normal,POST /tickets,after_warmup,64,64,0.0,1358.114,1337.699,1304.172,1146.5,2392.5,2675.7,2944.84,3280.0,2675.7,1.006
llama3.2-1b_load_tkt-normal_run3,llama3.2:1b,tkt-normal,POST /tickets,all_samples,107,107,0.0,1292.813,1281.676,1239.234,1095.0,2200.4,2622.6,2746.38,3280.0,2622.6,1.298
llama3.2-1b_load_tkt-peak_run1,llama3.2:1b,tkt-peak,POST /tickets,after_warmup,196,196,0.0,3961.486,3784.048,7514.74,8269.0,11684.0,12541.0,13119.55,13241.0,12541.0,0.41
llama3.2-1b_load_tkt-peak_run1,llama3.2:1b,tkt-peak,POST /tickets,all_samples,327,327,0.0,3942.556,3835.277,6441.116,5792.0,11346.8,11859.4,13020.34,13241.0,11859.4,1.451
llama3.2-1b_load_tkt-peak_run2,llama3.2:1b,tkt-peak,POST /tickets,after_warmup,194,194,0.0,3955.058,3770.427,11509.964,10168.5,22249.8,23649.85,24629.22,25630.0,23649.85,1.388
llama3.2-1b_load_tkt-peak_run2,llama3.2:1b,tkt-peak,POST /tickets,all_samples,327,327,0.0,3956.802,3845.048,9735.373,8836.0,17587.8,22471.5,24412.48,25630.0,22471.5,1.31
llama3.2-1b_load_tkt-peak_run3,llama3.2:1b,tkt-peak,POST /tickets,after_warmup,185,185,0.0,3759.335,3625.516,11747.692,9333.0,21128.4,23743.2,26457.64,27378.0,23743.2,0.54
llama3.2-1b_load_tkt-peak_run3,llama3.2:1b,tkt-peak,POST /tickets,all_samples,327,327,0.0,3957.52,3872.394,9728.685,7825.0,19964.8,22059.2,25358.44,27378.0,22059.2,1.348
mistral-7b_load_mix-peak_run1,mistral:7b,mix-peak,GET /search,after_warmup,397,0,100.0,8017.008,0.0,,,,,,,1000000000000000.0,
mistral-7b_load_mix-peak_run1,mistral:7b,mix-peak,GET /search,all_samples,654,207,68.349,7903.138,1256.837,70442.768,4194.0,219186.4,223275.5,225826.76,226872.0,1000000000000000.0,
mistral-7b_load_mix-peak_run1,mistral:7b,mix-peak,POST /tickets,after_warmup,190,0,100.0,3835.736,0.0,,,,,,,1000000000000000.0,
mistral-7b_load_mix-peak_run1,mistral:7b,mix-peak,POST /tickets,all_samples,327,34,89.602,3945.344,206.274,136724.5,73980.0,291322.7,292580.65,293944.18,294424.0,1000000000000000.0,
mistral-7b_load_mix-peak_run2,mistral:7b,mix-peak,GET /search,after_warmup,388,35,90.979,7864.511,266.59,254421.971,254385.0,256283.0,256923.7,263805.5,267214.0,1000000000000000.0,
mistral-7b_load_mix-peak_run2,mistral:7b,mix-peak,GET /search,all_samples,654,247,62.232,7909.058,1500.223,104885.935,34019.0,269987.4,275506.6,280145.78,280874.0,1000000000000000.0,
mistral-7b_load_mix-peak_run2,mistral:7b,mix-peak,POST /tickets,after_warmup,195,0,100.0,3949.945,0.0,,,,,,,1000000000000000.0,
mistral-7b_load_mix-peak_run2,mistral:7b,mix-peak,POST /tickets,all_samples,327,24,92.661,3949.978,145.69,50965.292,45796.5,86974.4,87327.0,87764.73,87891.0,1000000000000000.0,
mistral-7b_load_mix-peak_run3,mistral:7b,mix-peak,GET /search,after_warmup,372,0,100.0,7549.85,0.0,,,,,,,1000000000000000.0,
mistral-7b_load_mix-peak_run3,mistral:7b,mix-peak,GET /search,all_samples,654,189,71.101,7916.238,1148.473,40192.709,10118.0,118347.6,121079.0,124012.6,294489.0,1000000000000000.0,
mistral-7b_load_mix-peak_run3,mistral:7b,mix-peak,POST /tickets,after_warmup,190,0,100.0,3876.606,0.0,,,,,,,1000000000000000.0,
mistral-7b_load_mix-peak_run3,mistral:7b,mix-peak,POST /tickets,all_samples,327,32,90.214,3968.286,194.706,100713.531,107876.5,170486.6,170690.8,218883.91,240441.0,1000000000000000.0,
mistral-7b_load_tkt-normal_run1,mistral:7b,tkt-normal,POST /tickets,after_warmup,60,60,0.0,1293.127,718.998,102784.033,94979.5,139702.9,144700.1,152419.95,155190.0,144700.1,1.697
mistral-7b_load_tkt-normal_run1,mistral:7b,tkt-normal,POST /tickets,all_samples,107,107,0.0,1311.413,901.875,71016.561,70171.0,135784.8,141154.3,150358.32,155190.0,141154.3,2.87
mistral-7b_load_tkt-normal_run2,mistral:7b,tkt-normal,POST /tickets,after_warmup,65,65,0.0,1336.448,585.282,117098.492,110679.0,190658.2,210264.0,222924.64,224716.0,210264.0,2.378
mistral-7b_load_tkt-normal_run2,mistral:7b,tkt-normal,POST /tickets,all_samples,107,107,0.0,1305.046,740.943,85186.71,56662.0,182498.6,197598.9,221636.5,224716.0,197598.9,3.225
mistral-7b_load_tkt-normal_run3,mistral:7b,tkt-normal,POST /tickets,after_warmup,66,66,0.0,1353.322,819.319,78465.742,80803.5,102888.0,105805.5,112443.25,114429.0,105805.5,1.757
mistral-7b_load_tkt-normal_run3,mistral:7b,tkt-normal,POST /tickets,all_samples,107,107,0.0,1293.681,934.534,58377.318,52766.0,101017.0,103860.3,111168.2,114429.0,103860.3,2.603
mistral-7b_load_tkt-peak_run1,mistral:7b,tkt-peak,POST /tickets,after_warmup,188,0,100.0,3816.527,0.0,,,,,,,1000000000000000.0,
mistral-7b_load_tkt-peak_run1,mistral:7b,tkt-peak,POST /tickets,all_samples,327,33,89.908,3942.464,200.134,95209.545,54866.0,178378.2,178962.2,179828.16,180160.0,1000000000000000.0,
mistral-7b_load_tkt-peak_run2,mistral:7b,tkt-peak,POST /tickets,after_warmup,203,0,100.0,4096.941,0.0,,,,,,,1000000000000000.0,
mistral-7b_load_tkt-peak_run2,mistral:7b,tkt-peak,POST /tickets,all_samples,327,35,89.297,3942.437,212.261,104417.2,65744.0,199011.8,200775.1,202447.1,203003.0,1000000000000000.0,
mistral-7b_load_tkt-peak_run3,mistral:7b,tkt-peak,POST /tickets,after_warmup,192,0,100.0,3891.081,0.0,,,,,,,1000000000000000.0,
mistral-7b_load_tkt-peak_run3,mistral:7b,tkt-peak,POST /tickets,all_samples,327,33,89.908,3943.785,200.165,90560.636,61411.0,164875.0,166177.2,167135.52,167196.0,1000000000000000.0,
phi3-3.8b_load_mix-peak_run1,phi3:3.8b,mix-peak,GET /search,after_warmup,384,102,73.438,7782.469,776.895,268239.314,271040.0,288298.2,291806.95,293024.76,293364.0,1000000000000000.0,0.925
phi3-3.8b_load_mix-peak_run1,phi3:3.8b,mix-peak,GET /search,all_samples,654,365,44.19,7907.623,2216.753,95045.058,30135.0,278094.4,285973.4,291883.8,293364.0,1000000000000000.0,90.087
phi3-3.8b_load_mix-peak_run1,phi3:3.8b,mix-peak,POST /tickets,after_warmup,192,2,98.958,3914.307,15.267,294626.0,294626.0,294751.6,294767.3,294779.86,294783.0,1000000000000000.0,
phi3-3.8b_load_mix-peak_run1,phi3:3.8b,mix-peak,POST /tickets,all_samples,327,68,79.205,3952.166,412.896,83660.926,40745.5,185390.2,261979.9,294572.62,294783.0,1000000000000000.0,7.484
phi3-3.8b_load_mix-peak_run2,phi3:3.8b,mix-peak,GET /search,after_warmup,398,125,68.593,8080.261,952.728,221166.128,221883.0,240282.6,242898.8,243790.68,244455.0,1000000000000000.0,
phi3-3.8b_load_mix-peak_run2,phi3:3.8b,mix-peak,GET /search,all_samples,654,349,46.636,7905.022,2119.279,92088.61,11170.0,231820.0,237627.8,243335.8,244455.0,1000000000000000.0,3634.705
phi3-3.8b_load_mix-peak_run2,phi3:3.8b,mix-peak,POST /tickets,after_warmup,198,5,97.475,4039.076,38.177,253375.8,249697.0,262648.6,262664.8,262677.76,262681.0,1000000000000000.0,
phi3-3.8b_load_mix-peak_run2,phi3:3.8b,mix-peak,POST /tickets,all_samples,327,73,77.676,3964.397,443.952,94424.671,44119.0,249041.2,286028.6,292274.88,292938.0,1000000000000000.0,
phi3-3.8b_load_mix-peak_run3,phi3:3.8b,mix-peak,GET /search,after_warmup,390,19,95.128,7888.394,144.612,212397.053,190908.0,273656.4,274280.9,274618.58,274703.0,1000000000000000.0,
phi3-3.8b_load_mix-peak_run3,phi3:3.8b,mix-peak,GET /search,all_samples,654,244,62.691,7883.924,1479.682,34672.865,149.0,117892.2,171707.65,273069.1,274703.0,1000000000000000.0,2411.345
phi3-3.8b_load_mix-peak_run3,phi3:3.8b,mix-peak,POST /tickets,after_warmup,201,0,100.0,4066.928,0.0,,,,,,,1000000000000000.0,
phi3-3.8b_load_mix-peak_run3,phi3:3.8b,mix-peak,POST /tickets,all_samples,327,69,78.899,3942.794,418.475,80920.188,40063.0,178085.8,219981.0,242704.2,245635.0,1000000000000000.0,
phi3-3.8b_load_tkt-normal_run1,phi3:3.8b,tkt-normal,POST /tickets,after_warmup,65,65,0.0,1349.855,1328.798,5392.169,5127.0,9471.2,10222.0,11089.04,11146.0,10222.0,0.774
phi3-3.8b_load_tkt-normal_run1,phi3:3.8b,tkt-normal,POST /tickets,all_samples,107,107,0.0,1312.718,1300.543,4768.047,3997.0,8749.2,9487.4,11043.56,11146.0,9487.4,1.683
phi3-3.8b_load_tkt-normal_run2,phi3:3.8b,tkt-normal,POST /tickets,after_warmup,62,62,0.0,1285.914,1270.919,4799.903,4498.0,8448.7,10088.85,10735.01,10832.0,10088.85,1.313
phi3-3.8b_load_tkt-normal_run2,phi3:3.8b,tkt-normal,POST /tickets,all_samples,107,107,0.0,1303.858,1294.881,4733.804,4436.0,8428.4,10052.7,10822.52,11279.0,10052.7,1.103
phi3-3.8b_load_tkt-normal_run3,phi3:3.8b,tkt-normal,POST /tickets,after_warmup,65,65,0.0,1367.637,1304.53,4918.523,3912.0,9570.2,10634.0,11882.36,12171.0,10634.0,0.611
phi3-3.8b_load_tkt-normal_run3,phi3:3.8b,tkt-normal,POST /tickets,all_samples,107,107,0.0,1312.628,1276.621,4749.869,3825.0,9536.8,10637.8,12159.3,15066.0,10637.8,0.997
phi3-3.8b_load_tkt-peak_run1,phi3:3.8b,tkt-peak,POST /tickets,after_warmup,197,7,96.447,4026.731,53.487,282081.143,285691.0,290806.4,292054.7,293053.34,293303.0,1000000000000000.0,
phi3-3.8b_load_tkt-peak_run1,phi3:3.8b,tkt-peak,POST /tickets,all_samples,327,89,72.783,3951.304,540.355,100553.382,65755.0,267713.2,280289.8,289641.32,293303.0,1000000000000000.0,4.105
phi3-3.8b_load_tkt-peak_run2,phi3:3.8b,tkt-peak,POST /tickets,after_warmup,195,1,99.487,3986.371,7.642,236504.0,236504.0,236504.0,236504.0,236504.0,236504.0,1000000000000000.0,
phi3-3.8b_load_tkt-peak_run2,phi3:3.8b,tkt-peak,POST /tickets,all_samples,327,76,76.758,3962.916,462.111,95727.737,58012.0,248037.0,266097.5,283256.5,285334.0,1000000000000000.0,
phi3-3.8b_load_tkt-peak_run3,phi3:3.8b,tkt-peak,POST /tickets,after_warmup,197,1,99.492,4062.577,7.666,265730.0,265730.0,265730.0,265730.0,265730.0,265730.0,1000000000000000.0,
phi3-3.8b_load_tkt-peak_run3,phi3:3.8b,tkt-peak,POST /tickets,all_samples,327,75,77.064,3984.066,457.237,92551.467,48091.0,237092.4,271844.1,283885.16,288855.0,1000000000000000.0,
