id	narrative	category	classification_latency_ms	created_at
1	Potential FCRA Violations or Reporting Issues : Inconsistent or Contradictory Data : The reporting contains discrepancies in the following fields : Date of Last Activity : Two conflicting dates, XX/XX/year>XXXX  and XX/XX/year>. \nDate Reported : Two different reporting dates, XX/XX/year>XXXX  and XX/XX/year>. \nClosed Date : Two conflicting dates, XX/XX/year> and XX/XX/year>. \nThis is a violation of FCRA standards requiring accurate and consistent reporting. \nAmbiguity in Account Description : The account rating and status ( " XXXX '' ) are unclear and do not follow standard terminology. This could mislead users and is a possible violation under FCRA for failing to provide clear, understandable information. \nDispute Marking : The status shows both " Account not disputed '' and " Account information disputed by consumer. '' This inconsistency suggests either the creditor or credit reporting agency failed to update the dispute status properly, a violation of FCRA Section 623 ( a ) ( 3 ). \nLack of Supporting Details : Missing key fields such as : Payment history Last payment date Term length Past due amount Incomplete data violates the FCRA requirement for furnishing complete and accurate information. \nCollection Status : The account is reported as " Seriously past due date/ assigned to attorney, collection agency, or credit grantor 's internal collection department. '' If you have disputed this or if the information is inaccurate, the creditor is obligated to correct or remove the entry. \nOriginal Creditor Issue : The original creditor is listed as " XXXX XXXX, '' but there is no indication of validation of the debt. If this debt was sold or transferred, you have the right to request proof of assignment or validation under the Fair Debt Collection Practices Act ( FDCPA ).	Credit reporting	30026.3	2026-10-07 08:04:50
2	I went to XXXX college in XXXX and took out loans with sallie mae. I was never late on a payment or had any issues with them. Now that Navient took over it has been a headache. They send XXXX letters and bills a month you call and talk to someone they always say things are ok with the account, but then i get calls saying its late and is going to be reported. I call and set up a auto pay from my account and then call and say that it was n't taken out even though i prove that it was. Then they say well this must be a new loan and you have to pay. Then another person tells you that im up to date. Then i get XXXX different bills adding up to {$800.00} a month i call and talk with someone they say they do n't see that. My credit is going to get ruined because this company took over my loans and you ca n't get a straight answer.	Consumer loan	58062.2	2026-10-07 08:05:18
3	On XXXX of XXXX I had locked my XXXX XXXX XXXX. In XXXX of XXXX they made an unauthorized charge to my card. I wrote a letter. In XXXX of XXXX they made another unauthorized charge. In XXXX they added interest so I wrote another letter. After that I called, the guy said he took care of it, so I closed my account. Now they keep adding interest.	Credit card	89196	2026-10-07 08:05:50
4	I am filing a complaint against Nelnet regarding concerns over unauthorized access to my federal student loan records. In early 2025, reports surfaced that the Department of Government Efficiency ( DOGE ), associated with XXXX XXXX, XXXX have accessed sensitive borrower data in violation of federal privacy laws ( XXXX ). \n\nI reached out to Nelnet formally requesting an investigation, full disclosure, and consideration of loan discharge due to this breach of trust. I am deeply concerned that my personal information may have been mishandled, and I have received no assurance that my records remain secure. \n\nI am requesting that CFPB conduct an inquiry and compel Nelnet to respond transparently and fairly to my request.	Consumer loan	112578	2026-10-07 08:06:13
5	I am submitting this in response to your current evaluation. I have to pursue my efforts to resolve these matters which require intent to my personal credit report. I am frustrated and feel some errors are still reported on my personal credit report which are not clearly stated as to the accuracy and completeness of the information. At this time, I solely seek the correct remedy to my personal credit report and dispute the remaining information to fix it. Please reinvestigate these accounts. Please check the inconsistency reporting of the Account number, Date Opened, Last Reported, Date of Last Active, and date of Last Payment. You must report this account accurately. Correct this matter ASAP : XXXX : XXXX XXXX XXXX Balance Owed : {$0.00} XXXX XXXX Balance Owed : {$0.00} TRANSUNION XXXX XXXX XXXX Balance Owed : {$0.00} XXXX XXXX Balance Owed : {$0.00}	Credit reporting	140788	2026-10-07 08:06:43
6	XXXX {$4900.00} original Balance XXXXXXXX XXXX XXXX {$2200.00} original BalanceXXXX XXXX XXXX XXXX {$1100.00} original Balance- XXXX XXXX XXXX \nXXXX {$16000.00} original Balance- XXXX XXXX XXXX {$1200.00} original Balance- XXXX XXXX XXXX {$1600.00} original Balance- XXXX XXXX XXXX {$1000.00} original balance- XXXX XXXX XXXX {$650.00} original balance- XXXX XXXX  ( XXXX  ) Original debtor XXXX {$1400.00} original balance- XXXX XXXX {$610.00} original balance- XXXX XXXX XXXX ( XXXX XXXX XXXX I have contacted all of these company 's to recant my cosumer rights . They have failed to reflect them on my profile.I 've stated that my accounts should have been frozen. I have also stated that my reports are innaccurate. Their not reflecting true on my account. \n\n\nunder the FCRA section 611 ( 5 ) ( A ) -you are required to promptly delete all information that is inaccurate, incomplete, or which can not be verified. \n\n\nFCRA 15 U.S.C 1681i, -Ever single one each any or all the unproven, none compliant, incomplete, untrue, incorrect, and or unverified aspects of any alleged derogatory, accounts must be promptly negated in its entirety or the alleged accounts are to be completed deleted. \n\n\nThe following deterogatory accounts allegations are either untrue, unverfied, incorrect, incomplete, untimely, Not mine, NOT MY RESPONSIBILITY..	Credit reporting	177718	2026-10-07 08:07:20
7	On XX/XX/XXXX I applied to have my Student Loans with Nelnet placed on the SAVE Plan. I had a pair of loans which I consolidated for this with initial balances being {$34000.00} and {$24000.00} for a total of {$58000.00}.\n\nAlthough I had applied to be on the SAVE Plan, Nelnet stated that it took 8 months to process the application and approved it on XXXX. XXXX, XXXX. During that entire time, Nelnet had been charging interest. \n\nWhen I noticed this, I contacted Nelnet regarding the accrued interest. They stated that the SAVE interest free didn't account for processing times and this was legitimate.\n\nI don't understand where the breaking point is. Are they allowed to process the application for 1 year, 2 years, etc. and charge interest at their leisure because they are slow?	Consumer loan	200108	2026-10-07 08:07:45
8	15 U.S. Code $ 1681c-2 a consumer reporting agency shall block the reporting of any information in the file of a consumer that the consumer identifies as information that resulted from an alleged identity theft, no later than 4 business days after the date of the receipt. I Have Attached My FTC Report To This Compliant To Prevent Further Staff Tactics From Experian	Credit reporting	221145	2026-10-07 08:08:07
9	XXXX XXXX XXXX is reporting a debt from XX/XX/2013. It is not my debt. The original creditor refuses to furnish written proof that it 's my account. They have stated that all correspondences were returned, but Penn Credit is saying no mail was returned. I was never contacted regarding this debt before it was placed on my credit report. Other bureaus have removed the account XXXX refuses to remove it.	Credit reporting	255015	2026-10-07 08:08:40
10	On XX/XX/XXXX and XX/XX/year>, XXXX unauthorized charges totaling {$520.00} appeared on my secured credit card from merchant Fundedelite.com. I did not authorize any of these transactions and have no account, subscription, or agreement with this merchant. I filed a fraud dispute on XX/XX/year>2026 ( Claim # XXXX ). On XXXX XXXX, 2026, Chime denied the dispute stating no billing error occurred with zero explanation of what evidence was reviewed or whether the merchant was ever contacted. No provisional credit was issued at any point during the investigation. The denial violates the Fair Credit Billing Act ( 15 U.S.C. 1666 ), which requires the card issuer to conduct a reasonable investigation and provide written explanation of findings. Chime did neither. XXXX of the XXXX charges occurred within hours of each other on the same night ( XXXX AM, XXXX AM, and XXXX AM on XX/XX/XXXX ), which is a clear fraudulent charge pattern. I submitted a formal rebuttal to Chime on XX/XX/year>2026 requesting re-investigation, provisional credit, and disclosure of the evidence used. I received no response.	Credit card	288806	2026-10-07 08:09:15
11	This is NOT a request for verification or proof of my mailing address or any other personal identifiers, but a request for VALIDATION made pursuant to the above named Titles and Sections. I respectfully request that your offices provide me with competent evidence that I have any legal obligation to pay you. At this time I will also inform you that if your offices have reported invalidated information to any of the XXXX major credit bureaus ( Equifax, XXXX, and XXXX XXXX ) ; this action might constitute fraud under both federal and state laws. Due to this fact, if any negative mark is found to report on any of my credit reports by your company or the company you represent, I will not hesitate in bringing legal action against you and your client for the following : Violation of the Fair Credit Reporting Act and Defamation of Character. It would be constructive for you to note that the FCRA ( Fair Credit Reporting Act ) section 609 ( c ) ( 2 ) ( E ) states : " a consumer reporting agency is not required to remove accurate derogatory information from a consumer 's file, unless the information is outdated under section 605 or can not be verified. The can not be verified is the key phrase, as you can see. Since I challenged you and your staff to verify, and you can not, that means all financial institutions and credit reporting agencies concerned with my account are required to remove any derogatory information. It can not be deemed accurate if it can not be verified. If it can not be verified, then it is required to be removed, according to the FCRA.\n\nName Account COLLECTION. \nXXXX XXXX XXXX. \nAccount Opened. \nXX/XX/2023. \n{$3900.00}.	Debt collection	325394	2026-10-07 08:09:53
12	Summary of Issue Citi Bank mishandled a billing dispute concerning two XXXX XXXX XXXX registrations. \nXX/XX/year> : The first camp was cancelled by XXXX  ; my refund request went unanswered. \nXX/XX/year> : I opened a partial dispute for {$660.00}. \nXX/XX/year> : XXXX  removed my daughter from the second camp two days before it began ; I immediately updated the dispute to the full {$1400.00} and submitted written proof of refund approval.\n\nDespite repeated updates and merchant confirmations that the full {$1400.00} refund was approved ( XX/XX/XXXX ) and executed by the third-party summer camp provider, Active ( XX/XX/year> ), Citi credited only {$660.00} when the case was closed on XX/XX/year>. The remaining {$740.00} has never been applied. \nI sent three follow-up emails on XX/XX/XXXX, XX/XX/XXXX, and XX/XX/XXXX. To the best of my recollection, these emails were sent shortly after phone calls with Citi representatives to ensure my updated dispute information was received. None of these emails received acknowledgment or reply. After closure, I called XX/XX/XXXX and XX/XX/year> and was told the case would be reopened, but no action followed.	Credit card	358978	2026-10-07 08:10:26
13	The original debt was disputed with the XXXX. Three phones were returned and only one had a contract amount remaining. XXXX changed the terms of my monthly contract and did put the discount date on my bill until the last month of that contract. Their customer relationships person XXXX XXXX Took responsibility for that error on XXXX  part. This amount should not be XXXX and XXXX needs to provide documentation that they did not provide proper notice of the monthly discount termination or provide proper council during service start time. This debt is not due. XXXX is responsible for the balance. XXXX then continued to bill after the XXXX settlement was made.	Bank account or service	412632	2026-10-07 08:11:20
14	On XX/XX/2022 I received a tax delinquency bill, so I called the tax agency and they informed me that my XXXX county tax  hasnt been paid for a year. So after six phone calls and over a month the tax still isnt PAID! So I have til Friday and Im going to have to pay for something I already paid for. This is absolutely ridiculous, this company is stealing my money and has no accountability and is ripping me off. All I can do is sit back and watch cause I cant control my escrow account they do! I have nowhere to turn and its costing me more money and they dont seem to care! How are mortgage companies allowed to do business like this?	Mortgage	442174	2026-10-07 08:11:51
15	CHASE BANK COLLECTING AND HOLDING MONEY ILLEGALLY AFTER LOCKING ACCOUNT My chase account over 15 years was hacked. When I noticed the bank had moved {$3000.00} from my checking to savings I immediately moved it back and changed my user name and password. The following day the bank said it prevented a {$1000.00} dollar withdrawal and another for {$200.00} +. \nThe Bank then locked my account and told me to contact the fraud department, which I did. After an hour of verifying who I was the fraud manager told me to contact another number to set up a new account the next day. I followed his advice and was told they would not open another checking and savings account for me, and that I had to come in to a local branch. I retired overseas 8 years ago and have thus far transacted all my money transfers online. The cost of flying back to the US is prohibitive since I live on {$700.00} social security and {$300.00} XXXX veterans pension. \nMy XXXX year old mother was a signer on the account and held a complete Power of Attorney, which chase refused to accept in order to open a new account in my name. So chase opened an account in her name with my social security checks and VA XXXX checks going into her account WITHOUT MY PERMISSION. And even now chase refuses to allow me access to my own money going into another persons account. That should be illegal, if it isn't already. This situation really needs to be remedied ASAP. \nSincerely XXXX XXXX XXXX	Bank account or service	479538	2026-10-07 08:12:28
16	I have identified serious billing errors under 15 U.S. Code 1666 ( b ) on my credit report, including unverified late payment marks and the creditor 's failure to accurately reflect payments and credits. Despite my prior formal request for evidence substantiating these late marks, the creditor has failed to provide any legally required proof of investigation or verification. Furthermore, the creditor did not issue a proper billing statement at least 21 days before the due date, as mandated by law, rendering any late payment reporting invalid. This blatant disregard for accurate reporting is unacceptable. I demand that these inaccuracies be immediately corrected by updating the items to 'Paid as Agreed ' or removing them entirely from my credit report.	Credit reporting	509016	2026-10-07 08:12:58
17	this company is reporting to two credit bureaus ( XXXX and XXXX  ) on my consumer credit report that a debt is owed to them. I have not received any communication regarding this debt from this company, or an opportunity to dispute the validity of this debt. This company is in violation os fair Debt Collection Practices Act Section 809. Their negligence has caused me distress and is hampering my ability to obtain credit.	Credit reporting	544751	2026-10-07 08:13:37
