row,golden_label,predicted,correct,status,error,req_id,ticket_id,start_ms,elapsed_ms,classification_latency_ms
2021,Credit card,Consumer loan,0,200,,20f3dcce77d3,1,1791372880430,5466.5,5427.9087239992805
2027,Credit reporting,Credit reporting,1,200,,cdd54f77d326,2,1791372885897,4737.4,4707.5842450012715
2043,Credit reporting,Mortgage,0,200,,606c09e61ca9,3,1791372890634,16689.8,16645.14715599944
2051,Debt collection,Debt collection,1,200,,f4ca270bf9e4,4,1791372907324,15096.6,15065.71074600106
2052,Consumer loan,Consumer loan,1,200,,e07cca4df0be,5,1791372922421,17118.9,17097.339528001612
2056,Credit card,Credit card,1,200,,c6b7bfdd6d48,6,1791372939540,6142.6,6120.152698000311
2060,Credit card,Consumer loan,0,200,,3fa8f962f834,7,1791372945683,11227.3,11196.08363900079
2070,Credit reporting,Credit reporting,1,200,,c560024a7d38,8,1791372956910,4979.3,4958.172990000094
2077,Mortgage,Mortgage,1,200,,3ba4fd617104,9,1791372961890,21980.2,21933.7013739987
2131,Bank account or service,Bank account or service,1,200,,68592cdc36b4,10,1791372983870,34209.8,34178.08130400044
2141,Credit card,Credit card,1,200,,e10598812c4b,11,1791373018080,11844.5,11813.157471000522
2142,Credit card,Credit card,1,200,,076a04b981a2,12,1791373029925,15343.2,15320.157026999368
2151,Credit card,Credit card,1,200,,829ae64e9059,13,1791373045268,9903.2,9866.929097001048
2154,Credit reporting,Debt collection,0,200,,9d3553387a0f,14,1791373055171,7214.8,7178.412549999848
2163,Credit reporting,Credit reporting,1,200,,05c617067daa,15,1791373062386,9788.1,9763.742904999162
2180,Bank account or service,Bank account or service,1,200,,f9049b0c38d9,16,1791373072174,7724.2,7703.730580999036
2213,Mortgage,Mortgage,1,200,,18834d8b92fd,17,1791373079899,15673.4,15656.138067999564
2216,Credit card,Credit card,1,200,,3e4696e11c8e,18,1791373095572,12399.1,12360.679311999775
2222,Credit card,Credit card,1,200,,27d60d45b901,19,1791373107971,16871.9,16842.371783999624
2225,Debt collection,Credit card,0,200,,647cb2e87536,20,1791373124843,15858.9,15838.409812000464
2227,Credit card,Credit card,1,200,,7b63fcc4335b,21,1791373140703,16679.2,16659.20157400069
2229,Consumer loan,Consumer loan,1,200,,219fa457fd86,22,1791373157382,12172.2,12139.572894000594
2267,Credit reporting,Credit reporting,1,200,,d086c9d09d27,23,1791373169554,5590.4,5567.674715999601
2276,Credit reporting,Credit reporting,1,200,,aa47f71700e4,24,1791373175145,11342.9,11294.795210000302
2280,Credit card,Credit card,1,200,,b56ef1b4a746,25,1791373186488,15240.1,15189.415639999424
2283,Debt collection,Debt collection,1,200,,c23880a48a93,26,1791373201729,11097.2,11064.779477999764
2286,Bank account or service,Credit card,0,200,,99f392001f8e,27,1791373212826,26461.4,26430.152352999357
2303,Money transfer or service,Bank account or service,0,200,,e11de3c53546,28,1791373239287,13041.8,13022.631585999989
2306,Money transfer or service,Money transfer or service,1,200,,09988d42fc83,29,1791373252330,13173.2,13139.752916998987
2318,Bank account or service,Bank account or service,1,200,,a0b3a9b1d6e8,30,1791373265503,19503.6,19479.116500999226
2327,Debt collection,Debt collection,1,200,,d573ef82c249,31,1791373285007,12291.5,12272.300259000986
2328,Bank account or service,Bank account or service,1,200,,e070e5f5abd8,32,1791373297298,20562.6,20542.346058000476
2331,Credit reporting,Credit reporting,1,200,,f1b8a64a5f5b,33,1791373317861,8714.7,8694.237951000105
2333,Consumer loan,Consumer loan,1,200,,5b14905f07ac,34,1791373326576,5488.6,5467.443386998639
2339,Mortgage,Mortgage,1,200,,9739df536d7a,35,1791373332064,13672.8,13635.586065998723
2344,Debt collection,Debt collection,1,200,,894794de25e8,36,1791373345737,21522.0,21490.394738999385
2345,Debt collection,Debt collection,1,200,,f7c417f696e4,37,1791373367258,21693.4,21664.032151000356
2347,Consumer loan,Consumer loan,1,200,,897da420c4c4,38,1791373388953,28407.8,28370.460016001743
2348,Debt collection,Mortgage,0,200,,8d6653207ed4,39,1791373417361,29802.9,29744.204500000706
2354,Debt collection,Debt collection,1,200,,2412d09a8746,40,1791373447164,11047.3,10998.237584999515
2359,Money transfer or service,Credit card,0,200,,5523894fa236,41,1791373458212,5980.1,5947.8195770007005
2369,Bank account or service,Credit card,0,200,,ddc87ed710c8,42,1791373464192,6886.7,6855.93896499995
2379,Mortgage,Mortgage,1,200,,b8feef521e05,43,1791373471079,22881.8,22859.32234699976
2383,Credit card,Credit card,1,200,,64fa076aaa4e,44,1791373493961,7048.9,7015.85960400007
2384,Credit reporting,Credit reporting,1,200,,0885ff1adcbb,45,1791373501010,10753.2,10727.533978999418
2385,Consumer loan,Consumer loan,1,200,,98953aa8005d,46,1791373511763,4542.6,4511.225152999032
2389,Consumer loan,Consumer loan,1,200,,74c2121c762c,47,1791373516306,9900.0,9858.87829999956
2393,Consumer loan,Bank account or service,0,200,,87b87501650b,48,1791373526206,13437.0,13407.187811999393
2395,Money transfer or service,Bank account or service,0,200,,e6b4024787c3,49,1791373539643,9809.7,9790.351804000238
2399,Mortgage,Mortgage,1,200,,b7fee91470af,50,1791373549453,15191.5,15156.658300000345
2413,Debt collection,Debt collection,1,200,,2eb84dc6e690,51,1791373564644,13083.9,13052.220882000256
2417,Consumer loan,Consumer loan,1,200,,ef007a60b3f1,52,1791373577729,9311.0,9272.407030000977
2418,Bank account or service,Credit card,0,200,,55d6ccfd72dc,53,1791373587040,16802.8,16766.385167000408
2420,Bank account or service,Credit card,0,200,,4e4ea11b0781,54,1791373603843,17176.7,17142.08756900007
2421,Consumer loan,Consumer loan,1,200,,044b64805a50,55,1791373621019,38882.7,38823.66509000167
2423,Credit card,Bank account or service,0,200,,3176adcf17b7,56,1791373659902,15027.8,14982.11177200028
2430,Money transfer or service,Bank account or service,0,200,,3a249728fc79,57,1791373674930,12634.1,12611.497658001099
2432,Bank account or service,Bank account or service,1,200,,ed13a93c44c4,58,1791373687565,21103.7,21074.314878998848
2434,Credit reporting,Credit reporting,1,200,,187ebecc235c,59,1791373708668,10330.5,10297.925531000146
2442,Debt collection,Debt collection,1,200,,ab7477724c99,60,1791373718999,8981.3,8962.17856900148
2443,Mortgage,Mortgage,1,200,,2b92ce3d0d14,61,1791373727980,14878.9,14835.529807000057
2446,Money transfer or service,Debt collection,0,200,,d0f2ffd4f186,62,1791373742859,16645.3,16618.97059200055
2447,Bank account or service,Bank account or service,1,200,,ecbbf3800b03,63,1791373759505,8760.9,8732.594814999175
2469,Credit reporting,Credit reporting,1,200,,337f412e42a9,64,1791373768266,9497.2,9464.72563899988
2470,Bank account or service,Credit card,0,200,,3ef653098351,65,1791373777763,17872.9,17838.686724999206
2471,Bank account or service,Bank account or service,1,200,,6600fe7d0fb8,66,1791373795636,13114.2,13083.085598000253
2472,Debt collection,Debt collection,1,200,,e21524b81952,67,1791373808750,18057.4,18024.564266001107
2476,Credit card,Credit card,1,200,,08c1b4bf49ad,68,1791373826808,16844.4,16794.761441000446
2486,Credit card,Credit card,1,200,,533417209ab1,69,1791373843653,39106.6,39076.207760001125
2487,Bank account or service,Bank account or service,1,200,,810804963e3a,70,1791373882759,8305.1,8273.9403150008
2489,Credit reporting,Credit reporting,1,200,,29e312388465,71,1791373891065,20267.8,20231.385993000004
2490,Credit card,Credit card,1,200,,29f98c90fc3f,72,1791373911332,10147.1,10116.75938100052
2499,Debt collection,Credit reporting,0,200,,636f3e74fde5,73,1791373921480,8116.8,8085.955264999939
2504,Credit card,Credit card,1,200,,035115c7f6d1,74,1791373929597,22181.3,22162.015899000835
2505,Credit card,Consumer loan,0,200,,988cd3cfa95d,75,1791373951778,11292.3,11243.218408999383
2511,Credit reporting,Credit card,0,200,,ece149838411,76,1791373963070,19988.7,19957.9284370011
2513,Bank account or service,Credit card,0,200,,094701b3a34f,77,1791373983059,21537.3,21479.302071000347
2533,Money transfer or service,Money transfer or service,1,200,,41e865a2fbc1,78,1791374004597,20457.6,20424.69798499951
2535,Mortgage,Mortgage,1,200,,85968fd85b0a,79,1791374025054,23036.6,22992.078822999247
2539,Mortgage,Mortgage,1,200,,0df87083e0df,80,1791374048091,17260.5,17215.882591999616
2549,Mortgage,Mortgage,1,200,,1d4370677bc4,81,1791374065352,14931.3,14881.181038999785
2556,Bank account or service,Bank account or service,1,200,,9d60916404ce,82,1791374080283,18347.7,18319.73592400027
2560,Credit reporting,Mortgage,0,200,,4598d47af19f,83,1791374098632,6600.6,6566.203117999976
2562,Consumer loan,Consumer loan,1,200,,9a8406410a3c,84,1791374105233,4094.9,4036.8590030011546
2578,Money transfer or service,Money transfer or service,1,200,,dc516ae07bdd,85,1791374109327,14722.6,14691.041437001331
2587,Consumer loan,Consumer loan,1,200,,da187a1df34c,86,1791374124050,25034.0,24979.6055049992
2588,Money transfer or service,Credit card,0,200,,d70cdc499663,87,1791374149084,6083.6,6052.016412000739
2591,Consumer loan,Credit reporting,0,200,,bcf3a336925a,88,1791374155168,16086.6,16038.890505000381
2595,Credit reporting,Credit reporting,1,200,,7ea38c74a1a7,89,1791374171255,13891.1,13853.76688299948
2599,Bank account or service,Bank account or service,1,200,,f68368f7ae96,90,1791374185146,12044.9,12018.385592999039
2605,Money transfer or service,Debt collection,0,200,,69f24786461d,91,1791374197191,9282.8,9247.69622399981
2608,Credit reporting,Credit reporting,1,200,,6e8e597e700e,92,1791374206474,10749.5,10716.253813001458
2612,Credit card,Credit card,1,200,,5985a5b89441,93,1791374217224,6106.2,6085.383477000505
2613,Mortgage,Mortgage,1,200,,063c4098bf9b,94,1791374223330,10718.5,10689.126453000426
2640,Consumer loan,Consumer loan,1,200,,7d828c6207ec,95,1791374234048,18717.7,18699.455354999373
2642,Money transfer or service,Bank account or service,0,200,,c1e1ffbfe673,96,1791374252766,10485.2,10467.316566999216
2645,Mortgage,Mortgage,1,200,,86c4bbcd2d78,97,1791374263252,31647.9,31577.499821998572
2652,Consumer loan,Consumer loan,1,200,,be4adf016368,98,1791374294900,18508.3,18474.39425199991
2660,Credit reporting,Credit reporting,1,200,,1a95d4742b24,99,1791374313408,17550.4,17532.64732000025
2664,Debt collection,Debt collection,1,200,,47a944ef16b3,100,1791374330958,4743.3,4713.974864000193
2665,Mortgage,Mortgage,1,200,,cc57fd830ef1,101,1791374335702,11342.4,11310.021043000233
2666,Consumer loan,Consumer loan,1,200,,19f5cebdc75d,102,1791374347045,11937.7,11903.483580001193
2670,Credit reporting,Mortgage,0,200,,aa5c4492a0df,103,1791374358982,14889.8,14838.5583700001
2674,Credit reporting,Credit reporting,1,200,,c23589fd3774,104,1791374373873,16058.1,16024.886405999496
2679,Credit reporting,Credit reporting,1,200,,f43f9a751ca8,105,1791374389930,6700.4,6671.491245000652
2682,Credit reporting,Credit reporting,1,200,,2521c9793a71,106,1791374396631,8395.5,8365.272785000343
2684,Consumer loan,Credit reporting,0,200,,8dfa65a26037,107,1791374405027,5451.1,5421.208727000703
2689,Consumer loan,Consumer loan,1,200,,47e9a901400b,108,1791374410477,8120.8,8097.195992000707
2690,Credit reporting,Credit reporting,1,200,,aca4ff06101f,109,1791374418599,17831.7,17783.335989999614
2697,Bank account or service,Credit card,0,200,,58002b6050ca,110,1791374436431,5277.0,5245.158955000079
2701,Consumer loan,Credit reporting,0,200,,e2482c3d6a4b,111,1791374441708,13941.5,13885.65730299888
2707,Debt collection,Debt collection,1,200,,0ad4f97e1a79,112,1791374455648,5701.1,5675.460708000173
2718,Mortgage,Mortgage,1,200,,7a01b717218d,113,1791374461350,13571.9,13537.510018999455
2722,Money transfer or service,Bank account or service,0,200,,38a57b93c4db,114,1791374474923,8618.4,8580.297795999286
2723,Debt collection,Debt collection,1,200,,725e24829af8,115,1791374483541,10933.0,10868.71868200069
2731,Credit reporting,Credit reporting,1,200,,1d1c7e9d861a,116,1791374494474,7539.7,7518.795267000314
2732,Bank account or service,Bank account or service,1,200,,331b7645a228,117,1791374502014,18240.3,18208.04723799847
2734,Money transfer or service,Money transfer or service,1,200,,89afa9baf56d,118,1791374520254,12263.1,12230.82820700074
2735,Bank account or service,Bank account or service,1,200,,621ad6da3684,119,1791374532518,19398.2,19365.810589999455
2737,Mortgage,Mortgage,1,200,,0af542adebbd,120,1791374551916,21348.1,21323.950424999566
2744,Bank account or service,Bank account or service,1,200,,39881a381edd,121,1791374573264,13820.2,13789.557893000165
2756,Mortgage,Mortgage,1,200,,dd54faae5c45,122,1791374587085,24830.4,24799.098760999186
2758,Money transfer or service,Money transfer or service,1,200,,44f4ab5b85c6,123,1791374611915,5718.2,5687.308167998708
2759,Bank account or service,Bank account or service,1,200,,b432194ae205,124,1791374617633,8100.4,8070.698383999115
2761,Debt collection,Debt collection,1,200,,4157235d4abb,125,1791374625734,8359.1,8327.229173999513
2772,Credit reporting,Credit reporting,1,200,,1f8cbb2188ee,126,1791374634093,5963.0,5942.776646999846
2774,Bank account or service,Bank account or service,1,200,,dcf6db232563,127,1791374640056,19619.5,19595.88246000021
2784,Credit reporting,Credit reporting,1,200,,e2b901429a48,128,1791374659676,8962.3,8921.100293000563
2792,Consumer loan,Mortgage,0,200,,f4f6ec97e107,129,1791374668638,12276.2,12256.216716999916
2793,Mortgage,Mortgage,1,200,,68805b20973a,130,1791374680915,9183.8,9152.815335000923
2794,Money transfer or service,Credit card,0,200,,3420b906943a,131,1791374690099,8326.8,8294.817710999268
2796,Bank account or service,Credit card,0,200,,aea4b46a8833,132,1791374698425,8637.2,8588.85602600094
2798,Debt collection,Debt collection,1,200,,e455ba9cb90a,133,1791374707063,5632.3,5599.911273999169
2800,Credit reporting,Credit reporting,1,200,,059264cd4aac,134,1791374712695,5169.6,5145.56865799932
2803,Mortgage,Mortgage,1,200,,d1e5fc35d583,135,1791374717865,24633.6,24601.886993001244
2810,Money transfer or service,Credit card,0,200,,5d4c8f889972,136,1791374742499,6494.3,6464.535809000154
2812,Credit card,Credit card,1,200,,6febea6b7aef,137,1791374748993,22018.1,21966.489189999265
2814,Credit card,Credit card,1,200,,ad948a23951a,138,1791374771011,12528.9,12490.504688999863
2817,Money transfer or service,Credit card,0,200,,2168467250ed,139,1791374783540,11648.4,11627.743687000475
2820,Credit reporting,Credit reporting,1,200,,183a37921853,140,1791374795189,18441.6,18411.838689000433
2823,Money transfer or service,Money transfer or service,1,200,,eafc13fd42a3,141,1791374813631,18284.5,18217.067710000265
2825,Mortgage,Mortgage,1,200,,8b28f0fe3dd2,142,1791374831915,13523.8,13495.51612400137
2827,Credit card,Credit card,1,200,,1a73c0dedf04,143,1791374845439,24429.3,24392.405192000297
2828,Money transfer or service,Credit card,0,200,,ea15af5a5e45,144,1791374869869,8594.7,8556.78798199915
2830,Consumer loan,Debt collection,0,200,,0ace78e6f061,145,1791374878463,7377.4,7344.203523998658
2836,Money transfer or service,Credit card,0,200,,a5033517ea5f,146,1791374885841,7429.7,7401.526572000876
2838,Debt collection,Debt collection,1,200,,c08e7b16f51e,147,1791374893271,18329.7,18294.52103800031
2858,Money transfer or service,Money transfer or service,1,200,,3b1128dbc47b,148,1791374911601,8239.9,8210.056371999599
2870,Credit reporting,Credit reporting,1,200,,e3cc21c1f529,149,1791374919841,3993.1,3945.1943849999225
2874,Debt collection,Debt collection,1,200,,562c6a18beac,150,1791374923834,6414.7,6387.342463000095
2877,Bank account or service,Bank account or service,1,200,,03bf785473b5,151,1791374930249,6546.3,6514.369234000696
2889,Consumer loan,Consumer loan,1,200,,0e558f0fa8ea,152,1791374936795,8988.9,8957.088728000599
2893,Credit reporting,Credit reporting,1,200,,4c4e8a935710,153,1791374945784,5350.2,5317.039945000943
2896,Mortgage,Mortgage,1,200,,f6d4f2cbac71,154,1791374951135,24657.7,24627.121886000168
2899,Debt collection,Debt collection,1,200,,757cb6f96652,155,1791374975792,25195.7,25173.301692000678
2911,Debt collection,Debt collection,1,200,,fd6138286db5,156,1791375000988,13756.0,13733.859183999812
2922,Credit card,Credit card,1,200,,d53b39ed7843,157,1791375014744,17406.2,17377.195533001213
2923,Bank account or service,Bank account or service,1,200,,32724565bf62,158,1791375032150,17042.9,17007.876706999014
2925,Credit reporting,Credit reporting,1,200,,bbe2f014b484,159,1791375049193,10326.5,10286.929440999302
2930,Mortgage,Mortgage,1,200,,adf65d283ebd,160,1791375059520,8755.5,8724.576393999087
2933,Credit reporting,Credit reporting,1,200,,6dc0222879b5,161,1791375068276,6276.1,6256.978233001064
2943,Credit reporting,Credit reporting,1,200,,c1bb37fd0c3f,162,1791375074552,22938.3,22899.67482800057
2948,Credit card,Bank account or service,0,200,,8d7478c8413c,163,1791375097490,21007.7,20972.16740299882
2949,Mortgage,Mortgage,1,200,,5fa695749438,164,1791375118499,30470.6,30441.072035000616
2954,Credit reporting,Credit reporting,1,200,,550b16b4de62,165,1791375148969,6199.6,6143.722205000813
2959,Consumer loan,Credit card,0,200,,aac98f27d10d,166,1791375155169,23373.1,23338.34496000054
2966,Credit reporting,Credit reporting,1,200,,f9a1f79b1270,167,1791375178541,17286.4,17251.641883000048
2970,Credit card,Credit reporting,0,200,,a9a4acee8b65,168,1791375195829,8648.8,8618.814479999855
2972,Money transfer or service,Money transfer or service,1,200,,79040762231c,169,1791375204478,9734.0,9713.801879999664
2975,Debt collection,Debt collection,1,200,,5ffaaa0d1381,170,1791375214212,19679.8,19643.88594400043
2982,Money transfer or service,Bank account or service,0,200,,73aeb0b2ba69,171,1791375233892,18056.0,18019.591472000684
2989,Consumer loan,Mortgage,0,200,,01fd6714ecb5,172,1791375251948,11349.0,11317.223096000816
2990,Credit reporting,Mortgage,0,200,,4945bda99e55,173,1791375263297,8143.3,8123.31314399853
2996,Money transfer or service,Bank account or service,0,200,,9432ddbd662a,174,1791375271441,12455.0,12406.867696001427
2998,Bank account or service,Bank account or service,1,200,,521038d0e0c7,175,1791375283896,7350.3,7319.533113000944
